Client-ID,Client-Email,Client-Address
1,Mall.FUENTE9057@mail2web.com,2904 N. Broadway Ave. Los Angeles CA
2,Lilia.PADILLA7856@hushmail.com,6900 West Mexico Rd. Pheonix AZ
3,Kyler.HUFFM5731@mail2web.com,598 Pandayho Ave. Boise ID
4,Tren.SALAZ9177@gmail.com,74 Armstrong St. Springfield IL
5,Ty.DOUGL4223@yahoo.com,2020 East West Wario Boulevard Bakersfield CA
6,Le.YO7113@mail2web.com,411 Big Bird Rd. Baton Rouge LA
7,Vivia.HERNAND3119@gmail.com,4418 South Kirkwood Rd. Lafayette LA
8,Ran.MERRI8602@gmail.com,9000 Overpass Ave. New Orleans LA
9,Ala.PAG3918@gmail.com,2115 Maxwell Street San Antonio TX
10,Javi.SN3424@gmail.com,744 6th Street Austin TX
11,Harriso.DODS8690@gmail.com,1001 Yellow Lizard Street Sante Fe NM
12,Emanu.HODGE2947@live.com,808 Left West Court Springfield IL
13,Kar.JENKIN7833@mail2web.com,9179 South Nile Bakersfield CA
14,Jaycob.NICHOLS6304@yahoo.com,757 North South Lancaster CA
15,Ki.SUA4939@live.com,5643 Jason North Court New Braunfels TX
16,Rachael.CAMPOS9312@gmail.com,3333 Shoot Up Rd. Chicago IL
17,Bost.BRA6850@hushmail.com,7981 Olms Street Nevada LV
18,Ara.THORNTON8753@mail2web.com,88 Northcott Broadway Nampa ID
19,Dah.BE4899@live.com,1725 Slough Ave. Scranton PA
20,Braeden.JIME3862@mail2web.com,5225 Figueroa Mountain Road Los Olivos CA